total_time,total_inference_time,total_prompt_tokens,total_completion_tokens,total_l3_8b_prompt_tokens,total_l3_8b_completion_tokens,total_l3_70b_prompt_tokens,total_l3_70b_completion_tokens,total_gpt_35_prompt_tokens,total_gpt_35_completion_tokens,total_gpt_4_prompt_tokens,total_gpt_4_completion_tokens,total_tasks,total_cost,average_task_time,average_inference_time,average_prompt_tokens,average_completion_tokens,accuracy,min_cost,max_cost,stddev_cost,min_task_time,max_task_time,stddev_task_time,min_inference_time,max_inference_time,stddev_inference_time,median_inference_time,min_prompt_tokens,max_prompt_tokens,stddev_prompt_tokens,min_completion_tokens,max_completion_tokens,stddev_completion_tokens,min_total_tokens,max_total_tokens,stddev_total_tokens,strategy,dataset,model,run
1566.5328238010406,1566.0928664207458,31154,33126,0,0,0,0,0,0,31154,33126,164,2.9221800000000013,9.55202941342098,9.549346746467963,189.96341463414635,201.9878048780488,0.8719512195121951,0.00636,0.04092,0.005441835586211602,1.8350005149841309,36.6500985622406,5.487238855577204,1.8335230350494385,36.64854454994202,5.487073242775332,8.238579869270325,85,473,70.27918822433278,58,526,73.49788092641413,153,838,116.27394165377778,simple,humaneval,gpt-4-0613,run1
1545.7904875278473,1540.3635573387146,31154,33230,0,0,0,0,0,0,31154,33230,164,2.9284199999999996,9.425551753218581,9.392460715479967,189.96341463414635,202.6219512195122,0.8719512195121951,0.00618,0.04092,0.0054557232042672515,1.9259073734283447,41.201871156692505,5.562466654251954,1.9235801696777344,41.18906378746033,5.5667596889810795,8.003286361694336,85,473,70.27918822433278,56,526,74.54420029349285,150,838,115.96899852496672,simple,humaneval,gpt-4-0613,run2
1380.29909491539,1379.679029226303,31154,33272,0,0,0,0,0,0,31154,33272,164,2.9309400000000005,8.416457895825548,8.412677007477457,189.96341463414635,202.8780487804878,0.8475609756097561,0.00618,0.039720000000000005,0.005562810996506354,2.0639889240264893,27.651105165481567,4.324442622685282,2.0622646808624268,27.649433612823486,4.324735641308293,7.791161775588989,85,473,70.27918822433278,55,506,77.35233551526623,150,882,116.9520870394195,simple,humaneval,gpt-4-0613,run3
1482.0035572052002,1481.5175578594208,31154,33522,0,0,0,0,0,0,31154,33522,164,2.94594,9.03660705612927,9.033643645484274,189.96341463414635,204.40243902439025,0.8597560975609756,0.00618,0.04134,0.005706786013057863,1.8965470790863037,29.623350858688354,4.964087553430049,1.8928751945495605,29.621452808380127,4.9637347293644325,7.712213754653931,85,473,70.27918822433278,55,533,78.66787524295835,150,919,119.89141428606219,simple,humaneval,gpt-4-0613,run4
1563.4877123832703,1561.3895263671875,31154,33616,0,0,0,0,0,0,31154,33616,164,2.9515800000000008,9.533461660873598,9.520667843702363,189.96341463414635,204.97560975609755,0.8719512195121951,0.00618,0.03924,0.0053560804987549055,2.493199586868286,38.094501972198486,4.909290491707485,2.4916727542877197,38.09275531768799,4.908505975269078,8.401461005210876,85,473,70.27918822433278,56,498,73.26981410604996,150,810,114.18700059897716,simple,humaneval,gpt-4-0613,run5
245.76499795913696,245.38094687461853,31154,17042,0,0,0,0,31154,17042,0,0,164,0.04114000000000001,1.498567060726445,1.4962252858208447,189.96341463414635,103.91463414634147,0.7439024390243902,8.6e-05,0.0009055000000000001,0.00011561590173933364,0.3584120273590088,6.242810249328613,0.8085460360842786,0.3567383289337158,6.2389280796051025,0.8083958203233944,1.2997798919677734,85,473,70.27918822433278,17,447,66.67514896908277,114,919,110.56374118525947,simple,humaneval,gpt-3.5-turbo-0613,run1
244.07190585136414,243.71831011772156,31154,17517,0,0,0,0,31154,17517,0,0,164,0.041852499999999994,1.4882433283619765,1.4860872568153753,189.96341463414635,106.8109756097561,0.75,8.6e-05,0.0009055000000000001,0.00011564470682868345,0.34796786308288574,5.344985246658325,0.7865987486281678,0.34639883041381836,5.341699600219727,0.786445850543021,1.330622911453247,85,473,70.27918822433278,17,446,67.36673462482555,114,919,109.7625617121505,simple,humaneval,gpt-3.5-turbo-0613,run2
239.85799765586853,239.43555855751038,31154,17399,0,0,0,0,31154,17399,0,0,164,0.0416755,1.4625487661943204,1.4599729180335999,189.96341463414635,106.09146341463415,0.75,8.6e-05,0.0008784999999999999,0.00011582863456542617,0.37153077125549316,5.885795593261719,0.8241001365523742,0.3699514865875244,5.880856037139893,0.8238876123827247,1.2396773099899292,85,473,70.27918822433278,17,428,67.12279874028432,114,901,110.31862682208937,simple,humaneval,gpt-3.5-turbo-0613,run3
287.21008825302124,240.75617599487305,31154,17655,0,0,0,0,31154,17655,0,0,164,0.04205949999999999,1.7512810259330562,1.4680254633833723,189.96341463414635,107.65243902439025,0.7621951219512195,8.6e-05,0.0009055000000000001,0.00012118116267130135,0.4786868095397949,24.62882661819458,1.9811783664476288,0.47134971618652344,5.8975653648376465,0.8451761812414078,1.2383794784545898,85,473,70.27918822433278,17,446,71.15287219085769,114,919,112.90325949585454,simple,humaneval,gpt-3.5-turbo-0613,run4
299.4013764858246,247.77067136764526,31154,17585,0,0,0,0,31154,17585,0,0,164,0.0419545,1.8256181493038084,1.5107967766319834,189.96341463414635,107.22560975609755,0.7560975609756098,8.6e-05,0.0009055000000000001,0.000123697073173303,0.40641164779663086,25.200626611709595,2.0199376108270575,0.40454745292663574,5.513880014419556,0.8598114205666847,1.2941198348999023,85,473,70.27918822433278,17,447,72.63509319488479,114,919,114.64009138884866,simple,humaneval,gpt-3.5-turbo-0613,run5
713.1315717697144,2225.2153747081757,141341,18503,0,0,0,0,0,0,141341,18503,164,8.272590000000006,4.348363242498258,4.01903968467945,861.8353658536586,112.82317073170732,0.926829268292683,0.0,1.53498,0.1971584173024168,0.1317589282989502,211.83347129821777,25.2905864662513,0.0,201.7327389717102,24.61545888936777,0.0,0,41230,5236.712792828131,0,6626,708.5112875693637,0,45692,5899.562481894691,ldb,humaneval,gpt-4-0613+gpt-4-0613,run1
913.3820922374725,2422.1248486042023,187202,23410,0,0,0,0,0,0,187202,23410,164,9.949079999999997,5.569403001448003,5.3765932394237055,1141.4756097560976,142.7439024390244,0.9085365853658537,0.0,1.57377,0.21730669475205786,0.12307882308959961,268.96222496032715,29.654330492672166,0.0,267.3249776363373,29.430764721999147,0.0,0,41222,5795.5473361695385,0,6999,776.8503311958849,0,46273,6513.466308371587,ldb,humaneval,gpt-4-0613+gpt-4-0613,run2
685.9322464466095,2033.2941620349884,157038,17617,0,0,0,0,0,0,157038,17617,164,8.6991,4.18251369784518,3.9854581268822273,957.5487804878048,107.42073170731707,0.9085365853658537,0.0,1.6682400000000004,0.21571628316003424,0.12809491157531738,214.8636236190796,23.817954843757814,0.0,213.2040650844574,23.593763934256796,0.0,0,46892,5948.140420142127,0,5455,644.8509789781139,0,50169,6567.0622900779745,ldb,humaneval,gpt-4-0613+gpt-4-0613,run3
842.1010947227478,2239.21599984169,170008,21959,0,0,0,0,0,0,170008,21959,164,9.36372,5.134762772699681,4.620112451111398,1036.6341463414635,133.89634146341464,0.9146341463414634,0.0,1.8181800000000001,0.2225698907107161,0.13318657875061035,268.6616003513336,27.327610859771077,0.0,260.4421954154968,26.424631075065594,0.0,0,45354,5913.6206820231055,0,7626,774.4146700660615,0,52980,6663.819488625041,ldb,humaneval,gpt-4-0613+gpt-4-0613,run4
794.0224895477295,2277.8965830802917,198365,22678,0,0,0,0,0,0,198365,22678,164,10.263210000000004,4.8416005460227405,4.368945467762831,1209.5426829268292,138.28048780487805,0.9024390243902439,0.0,1.84635,0.24839019091548448,0.13400769233703613,262.6840145587921,26.666578859560655,0.0,256.2802526950836,25.800100418692896,0.0,0,45947,6764.700131516003,0,7799,802.544217758392,0,53746,7517.51285062667,ldb,humaneval,gpt-4-0613+gpt-4-0613,run5
986.482743024826,4003.8815507888794,193519,27489,0,0,0,0,0,0,193519,27489,164,16.14675,6.015138676980647,5.8120580039373255,1179.9939024390244,167.6158536585366,0.9146341463414634,0.0,1.61829,0.21698547526221212,0.12681126594543457,228.70900058746338,27.99843229923101,0.0,227.1280300617218,27.785688520916583,0.0,0,46531,5724.7398863908,0,6846,802.2770997465866,0,50237,6472.999956413753,ldb,humaneval,gpt-4-0613+reflexion,run1
1734.0940644741058,4277.424840211868,325277,45661,0,0,0,0,0,0,325277,45661,164,20.79735000000001,10.573744295573816,9.893664887765558,1983.3963414634147,278.4207317073171,0.9024390243902439,0.0,1.7209799999999997,0.30538100932065126,0.12973427772521973,281.324196100235,41.02102850271787,0.0,272.2621467113495,39.570174203508316,0.0,0,46604,8035.650628667152,0,7038,1102.8053128703937,0,51960,9103.813321061532,ldb,humaneval,gpt-4-0613+reflexion,run2
1201.7991387844086,3965.306990623474,239463,33913,0,0,0,0,0,0,239463,33913,164,17.429789999999997,7.328043529173223,6.832760030176582,1460.1402439024391,206.78658536585365,0.9024390243902439,0.0,1.88721,0.27838148757267334,0.13199210166931152,274.4748041629791,34.59943490525963,0.0,268.2698223590851,33.67660255486718,0.0,0,46994,7302.085046283409,0,8282,1023.8387272665776,0,54625,8286.461907935643,ldb,humaneval,gpt-4-0613+reflexion,run3
1329.8305110931396,3823.251670360565,294456,35652,0,0,0,0,0,0,294456,35652,164,19.234860000000005,8.108722628616706,7.649901712813029,1795.4634146341464,217.390243902439,0.9085365853658537,0.0,1.7060700000000004,0.29167940934054387,0.11865377426147461,214.8167004585266,32.49271897856435,0.0,212.71342206001282,31.674938813883312,0.0,0,48771,7989.324939341456,0,6260,906.9182193513102,0,52820,8851.953906691046,ldb,humaneval,gpt-4-0613+reflexion,run4
1013.3502514362335,3208.8411173820496,221832,29966,0,0,0,0,0,0,221832,29966,164,16.434420000000003,6.178964947781911,5.961257922940138,1352.6341463414635,182.71951219512195,0.8963414634146342,0.0,1.7658,0.2611095488007026,0.12100768089294434,220.74797177314758,29.84494595014273,0.0,218.95092225074768,29.576851233563414,0.0,0,47426,6937.9363438961955,0,6800,901.3892450826562,0,53143,7818.679786525322,ldb,humaneval,gpt-4-0613+reflexion,run5
439.6606636047363,1966.4349255561829,326277,38419,0,0,0,0,326277,38419,0,0,164,3.1429470000000013,2.680857704906929,2.441110116679494,1989.4939024390244,234.2621951219512,0.8902439024390244,0.0,0.033516,0.005976333218957478,0.13670659065246582,74.37271046638489,11.7414575257762,0.0,72.62835502624512,11.419167543632632,0.0,0,47007,8769.443745954444,0,7419,1108.5965031992394,0,53682,9820.023845211108,ldb,humaneval,gpt-3.5-turbo-0613+gpt-4-0613,run1
530.4068558216095,2026.1821987628937,466410,46918,0,0,0,0,466410,46918,0,0,164,3.2320019999999996,3.2341881452537162,2.9623087891718236,2843.9634146341464,286.0853658536585,0.8902439024390244,0.0,0.031347999999999994,0.006745416551338388,0.13360929489135742,73.50044441223145,11.837228651356206,0.0,71.74060440063477,11.456009696556656,0.0,0,49397,10374.225896697475,0,6264,1113.2894684316043,0,53830,11399.052929557674,ldb,humaneval,gpt-3.5-turbo-0613+gpt-4-0613,run2
569.9023082256317,1902.1891813278198,406720,49939,0,0,0,0,406720,49939,0,0,164,3.209208500000001,3.475014074546535,3.1860375128141265,2480.0,304.5060975609756,0.8719512195121951,0.0,0.031387,0.006642849666031789,0.13916659355163574,81.22550916671753,13.482502240857903,0.0,79.34149026870728,13.116965334308846,0.0,0,49397,9710.794325991967,0,7726,1258.9957410715142,0,53830,10887.277559445443,ldb,humaneval,gpt-3.5-turbo-0613+gpt-4-0613,run3
618.1285300254822,2054.1085221767426,468612,52713,0,0,0,0,468612,52713,0,0,164,3.2593155,3.7690764025944037,3.49140831900806,2857.390243902439,321.4207317073171,0.8841463414634146,0.0,0.0372625,0.007110122704927409,0.1346580982208252,96.14363384246826,14.331527970516522,0.0,94.32637429237366,13.953285690119957,0.0,0,49397,10564.898254259197,0,8524,1278.9777310894722,0,57477,11770.511537205432,ldb,humaneval,gpt-3.5-turbo-0613+gpt-4-0613,run4
387.66751623153687,1906.913917541504,331944,34055,0,0,0,0,331944,34055,0,0,164,3.1686345000000005,2.363826318484981,2.106856043745832,2024.0487804878048,207.65243902439025,0.8963414634146342,0.0,0.0308685,0.005699471849790563,0.1313800811767578,64.48691320419312,9.694147953986208,0.0,62.722859144210815,9.361727055223131,0.0,0,47182,8687.738836761,0,6264,941.6427272057784,0,51315,9584.177646926797,ldb,humaneval,gpt-3.5-turbo-0613+gpt-4-0613,run5
958.8046886920929,3959.7981045246124,627160,80928,0,0,0,0,627160,80928,0,0,164,9.126812000000001,5.846370053000566,5.543256502325942,3824.1463414634145,493.4634146341463,0.8597560975609756,0.0,0.038123,0.008430747298818445,0.1339552402496338,108.52962613105774,19.242892094171417,0.0,106.6778359413147,18.829780587763075,0.0,0,55636,12167.78026408843,0,9521,1676.727543854997,0,62506,13705.853513961176,ldb,humaneval,gpt-3.5-turbo-0613+reflexion,run1
971.9503371715546,3557.9778118133545,712447,79720,0,0,0,0,712447,79720,0,0,164,8.775183500000006,5.926526446168015,5.506792763384377,4344.1890243902435,486.0975609756098,0.8536585365853658,0.0,0.03123200000000001,0.0082796473381657,0.13184809684753418,97.79248404502869,17.65863080913619,0.0,96.03407406806946,17.027720267644526,0.0,0,44986,12408.477530321448,0,8699,1528.8275559869187,0,48031,13761.38301241185,ldb,humaneval,gpt-3.5-turbo-0613+reflexion,run2
744.1470835208893,3542.1138224601746,569743,61929,0,0,0,0,569743,61929,0,0,164,8.588885000000007,4.537482216590789,4.252313882839389,3474.0426829268295,377.6158536585366,0.8780487804878049,0.0,0.038123,0.00765586163219567,0.1329054832458496,85.05666255950928,14.934214322870464,0.0,83.37209510803223,14.535815798987109,0.0,0,55636,11560.93221842007,0,7736,1333.1854026293302,0,62506,12794.463345999913,ldb,humaneval,gpt-3.5-turbo-0613+reflexion,run3
682.9483575820923,3190.641618490219,617286,57966,0,0,0,0,617286,57966,0,0,164,8.657651999999999,4.164319253549343,3.7925233477499427,3763.939024390244,353.4512195121951,0.8841463414634146,0.0,0.0333235,0.007635540420843182,0.1335010528564453,73.66743850708008,13.339936204130666,0.0,71.75730299949646,12.668961584882245,0.0,0,48822,11975.215672940387,0,7175,1177.9166401332475,0,52297,13060.022527208464,ldb,humaneval,gpt-3.5-turbo-0613+reflexion,run4
685.8085141181946,2855.631086587906,620490,60105,0,0,0,0,620490,60105,0,0,164,8.3819025,4.181759232428016,3.807538222975847,3783.4756097560976,366.4939024390244,0.8597560975609756,0.0,0.038123,0.00791334815656987,0.1316239833831787,82.76061964035034,13.8716934536999,0.0,80.90131425857544,13.277091214935089,0.0,0,55636,12221.670833757822,0,8424,1300.8894903950375,0,62506,13404.836332812656,ldb,humaneval,gpt-3.5-turbo-0613+reflexion,run5
1259.2545502185822,1450.1812813282013,980912,94554,0,0,0,0,980912,94554,0,0,164,0.6734269999999998,7.6783814037718425,7.346343502765748,5981.170731707317,576.5487804878048,0.8048780487804879,0.0,0.0362555,0.008965953575736268,0.11061263084411621,117.26608657836914,18.804605097714738,0.0,115.84645867347717,18.428862341779798,0.0,0,46748,13899.231571031198,0,9692,1494.8201578632568,0,53127,15215.383079778248,ldb,humaneval,gpt-3.5-turbo-0613+gpt-3.5-turbo-0613,run1
1217.6184203624725,1407.292373418808,946716,89910,0,0,0,0,946716,89910,0,0,164,0.6500754999999999,7.424502563185808,7.09496380061638,5772.658536585366,548.2317073170732,0.8292682926829268,0.0,0.034691,0.00860551424028252,0.10941886901855469,93.55763554573059,17.45072299337967,0.0,92.15891075134277,17.060430396178347,0.0,0,46712,13460.427635409143,0,7825,1357.1772745560177,0,53732,14691.65460034557,ldb,humaneval,gpt-3.5-turbo-0613+gpt-3.5-turbo-0613,run2
1485.7239496707916,1667.7669577598572,976936,111986,0,0,0,0,976936,111986,0,0,164,0.6981225000000005,9.059292376041412,8.70933780001431,5956.926829268293,682.8414634146342,0.8170731707317073,0.0,0.034187999999999996,0.00939149785764431,0.11106204986572266,97.08585906028748,21.96797334660818,0.0,95.68014764785767,21.564851827081238,0.0,0,47284,13970.802506279295,0,7790,1724.8087612994996,0,52796,15549.038360416775,ldb,humaneval,gpt-3.5-turbo-0613+gpt-3.5-turbo-0613,run3
4307.971129179001,1644.315275669098,901503,107190,0,0,0,0,901503,107190,0,0,164,0.6535959999999996,26.26811664133537,8.558287193135518,5496.969512195122,653.5975609756098,0.8414634146341463,0.0,0.036341,0.009043007886627987,0.12080144882202148,310.3405930995941,68.48020406397242,0.0,122.11057114601135,21.796026598118235,0.0,0,47528,13347.42117296034,0,9698,1692.9563270778096,0,53286,14902.065446718978,ldb,humaneval,gpt-3.5-turbo-0613+gpt-3.5-turbo-0613,run4
5553.364104509354,1709.3360967636108,1031492,108252,0,0,0,0,1031492,108252,0,0,164,0.7200785000000002,33.86197624700825,8.911984301194913,6289.585365853659,660.0731707317074,0.8109756097560976,0.0,0.032441000000000005,0.009364327543565752,0.11808061599731445,373.29707074165344,78.459092474872,0.0,91.32232117652893,20.843546986384926,0.0,0,46694,14302.09921007241,0,7189,1576.986489241818,0,50504,15757.97455976642,ldb,humaneval,gpt-3.5-turbo-0613+gpt-3.5-turbo-0613,run5
696.895914554596,412.76473808288574,111289,22714,79685,9167,14213,1838,13754,7344,3637,4365,164,0.4211193000000001,4.249365332649975,2.5168581590419863,678.5914634146342,138.5,0.8780487804878049,7.82e-05,0.0330888,0.006941248672558426,0.6684916019439697,30.708380937576294,5.703364316816556,0.28701162338256836,25.871906995773315,4.439541135063279,0.845862627029419,381,2011,353.3163099773414,10,824,161.3963037716962,391,2835,497.70201760851603,simple_boosting,humaneval,l3_8b-gpt-3.5-turbo-0613-l3_70b-gpt4-0613,run1
663.4815266132355,377.319864988327,112247,22829,79685,9011,14632,1896,14470,7738,3460,4184,164,0.40629640000000006,4.045619064714851,2.300730884075165,684.4329268292682,139.2012195121951,0.8780487804878049,7.82e-05,0.0488078,0.00710327802209768,0.6678628921508789,28.07432198524475,5.083195959883677,0.26532649993896484,22.827359914779663,3.7401582962538025,0.8097035884857178,381,2011,352.40173552871596,10,1064,166.56328335040365,391,2835,498.7845475143993,simple_boosting,humaneval,l3_8b-gpt-3.5-turbo-0613-l3_70b-gpt4-0613,run2
652.2065150737762,376.97385931015015,111368,22362,79685,9132,14213,1806,13833,7330,3637,4094,164,0.40484200000000015,3.9768689943522944,2.298621093354574,679.0731707317074,136.35365853658536,0.8841463414634146,7.82e-05,0.030770400000000003,0.006647396544563394,0.7095553874969482,25.660049438476562,5.098502839045153,0.30809712409973145,20.84422206878662,3.8678607792831263,0.7449970245361328,381,2011,353.35288954789655,10,823,158.51925020614846,391,2834,494.56276855067705,simple_boosting,humaneval,l3_8b-gpt-3.5-turbo-0613-l3_70b-gpt4-0613,run3
721.2262673377991,456.4192473888397,110608,22305,79685,9058,14213,1838,13073,7129,3637,4280,164,0.41533450000000005,4.397721142303653,2.7830441913953643,674.439024390244,136.0060975609756,0.8719512195121951,7.82e-05,0.030928800000000003,0.006788214852320677,0.6623971462249756,59.025232791900635,7.081329316092322,0.26976871490478516,55.21388626098633,6.121303687184045,0.75848388671875,381,2011,353.08929674218246,10,824,161.41318002727667,391,2835,497.2272844786842,simple_boosting,humaneval,l3_8b-gpt-3.5-turbo-0613-l3_70b-gpt4-0613,run4
699.5505542755127,432.1617040634155,111099,22896,79685,8950,14213,1809,13564,7408,3637,4729,164,0.44289080000000003,4.265552160216541,2.6351323418500945,677.4329268292682,139.609756097561,0.8658536585365854,7.82e-05,0.0465278,0.0075462428426531095,0.6305584907531738,39.97699451446533,6.202237640313783,0.2708096504211426,36.604822874069214,5.1533620961385065,0.7470953464508057,381,2011,352.12003201462755,10,1026,168.77903339225398,391,2835,504.2328602026004,simple_boosting,humaneval,l3_8b-gpt-3.5-turbo-0613-l3_70b-gpt4-0613,run5
3057.6316769123077,3050.704038143158,163784,62972,0,0,0,0,0,0,163784,62972,164,8.691840000000001,18.644095590928707,18.601853891116818,998.6829268292682,383.9756097560976,0.7865853658536586,0.01761,0.1815,0.034793880785946266,4.569595813751221,94.73628640174866,14.022024037487618,4.568145990371704,94.73274779319763,14.01532572764755,15.126281976699829,339,3852,902.334305820919,124,1193,207.60373861012712,463,4951,1018.1196877766072,reflexion,humaneval,gpt-4-0613,run1
2689.782646894455,2654.8637986183167,153008,61819,0,0,0,0,0,0,153008,61819,164,8.299380000000005,16.401113700575944,16.188193894014127,932.9756097560976,376.9451219512195,0.7926829268292683,0.016890000000000002,0.19095,0.03416476074782987,4.029260873794556,55.18924903869629,9.3877731288075,4.027687311172485,54.93247079849243,9.184680497633881,14.385424971580505,339,3830,846.1528814510823,112,1541,217.95176629255928,451,4934,979.2578696508295,reflexion,humaneval,gpt-4-0613,run2
2850.7090685367584,2844.7343456745148,147958,62873,0,0,0,0,0,0,147958,62873,164,8.211120000000006,17.382372369126575,17.345941132161677,902.1829268292682,383.3719512195122,0.823170731707317,0.01647,0.19023,0.0343368462602901,4.642199516296387,77.6744544506073,10.022827031883173,4.640618562698364,77.37050938606262,10.010102894355855,15.327653288841248,339,3847,833.6488002514645,105,1535,221.30031660321845,444,4956,976.4844559312991,reflexion,humaneval,gpt-4-0613,run3
2602.7439737319946,2568.6677894592285,146274,64564,0,0,0,0,0,0,146274,64564,164,8.262059999999998,15.870390083731674,15.66260847231237,891.9146341463414,393.6829268292683,0.8048780487804879,0.01647,0.18324,0.03360814064652483,4.384297847747803,61.85077714920044,9.749843447843217,4.3078742027282715,61.71927309036255,9.584407635144464,12.842144012451172,339,3862,832.8090863235436,105,1347,225.76929850720697,444,4985,960.8942008723376,reflexion,humaneval,gpt-4-0613,run4
2248.7251472473145,2231.194818019867,144950,60550,0,0,0,0,0,0,144950,60550,164,7.9815000000000005,13.711738702727526,13.604846451340652,883.8414634146342,369.2073170731707,0.8048780487804879,0.01761,0.18627,0.032126160709929186,4.155594825744629,55.681920289993286,7.6861127990195195,4.15382719039917,55.67570924758911,7.6226465984949066,11.720117568969727,339,3855,811.7928423457149,124,1541,186.6187174776505,463,5032,931.6977563900792,reflexion,humaneval,gpt-4-0613,run5
541.8471450805664,326.8719964027405,54157,29775,0,0,0,0,54157,29775,0,0,164,0.07174099999999994,3.3039460065888195,1.9931219292850029,330.2256097560976,181.5548780487805,0.8292682926829268,8.6e-05,0.0034175,0.0004716355402845445,0.46028947830200195,23.313506364822388,3.558809234023804,0.3337111473083496,12.684126853942871,2.154776394798184,1.152437448501587,85,2365,349.1997569591968,17,1490,216.47528523404918,114,3855,533.064091598663,simple_incr_temp,humaneval,gpt-3.5-turbo-0613-5step,run1
3620.161344766617,495.4056968688965,55277,31658,0,0,0,0,55277,31658,0,0,164,0.07512549999999994,22.07415454125986,3.0207664443225397,337.0548780487805,193.03658536585365,0.8109756097560976,8.6e-05,0.0042035,0.0005284618357970466,0.4788322448730469,129.1265869140625,26.820152483852855,0.3003377914428711,23.56962013244629,3.2262652311212405,1.9070963859558105,85,2365,353.4038558271287,17,2014,252.77779204319341,114,4379,572.5663121134271,simple_incr_temp,humaneval,gpt-3.5-turbo-0613-5step,run2
1548.0204622745514,367.8702881336212,57720,31109,0,0,0,0,57720,31109,0,0,164,0.07552349999999991,9.439149160210679,2.2431115130098855,351.9512195121951,189.6890243902439,0.7926829268292683,8.6e-05,0.00362,0.0005017986191793573,0.42226743698120117,82.9841046333313,15.541676214754823,0.2634596824645996,17.293057441711426,2.5239972431877753,1.250958800315857,85,2365,388.2001856116675,17,1625,225.69387405681263,114,3990,578.209833981422,simple_incr_temp,humaneval,gpt-3.5-turbo-0613-5step,run3
571.0431253910065,356.6034986972809,54991,31204,0,0,0,0,54991,31204,0,0,164,0.07430149999999992,3.4819702767744296,2.1744115774224446,335.3109756097561,190.26829268292684,0.8109756097560976,8.6e-05,0.0038375,0.0005136186740466296,0.5185163021087646,24.27724003791809,3.9711089955871017,0.32038378715515137,18.684749126434326,2.6797724621875414,1.2325270175933838,85,2365,352.11090992034303,17,1770,243.30001418534414,114,4135,562.142145034511,simple_incr_temp,humaneval,gpt-3.5-turbo-0613-5step,run4
382.6550533771515,313.153103351593,54592,31945,0,0,0,0,54592,31945,0,0,164,0.07521349999999997,2.333262520592387,1.9094701423877622,332.8780487804878,194.78658536585365,0.8170731707317073,8.6e-05,0.002585,0.0004814795444527164,0.4834258556365967,25.628591299057007,2.8655663090583654,0.28438901901245117,10.945794105529785,2.001245253892492,1.1259047985076904,85,1645,326.0959206335432,17,1415,233.05134549041873,114,2501,520.9253714957292,simple_incr_temp,humaneval,gpt-3.5-turbo-0613-5step,run5
2159.159595012665,2100.7894217967987,39741,45011,0,0,0,0,0,0,39741,45011,164,3.892890000000001,13.16560728666259,12.809691596321944,242.3231707317073,274.4573170731707,0.9085365853658537,0.00636,0.13470000000000001,0.02295033329790576,2.5424399375915527,94.29632711410522,14.690251504794702,2.408902883529663,93.26303720474243,14.430616274540252,8.33712387084961,85,1530,213.47150888115073,58,1665,287.169160951079,153,3010,482.6384927758695,simple_incr_temp,humaneval,gpt-4-0613-5step,run1
1921.5011005401611,1882.9432151317596,40756,44890,0,0,0,0,0,0,40756,44890,164,3.91608,11.716470125244886,11.481361067876584,248.5121951219512,273.719512195122,0.9146341463414634,0.00636,0.18267,0.022913762153011632,1.9015591144561768,73.81412410736084,11.927684407028975,1.6908211708068848,68.98764729499817,11.668076914575948,7.878315687179565,85,2365,249.03909782001026,55,1862,268.9713773350753,153,4227,500.35367365802307,simple_incr_temp,humaneval,gpt-4-0613-5step,run2
1923.8652305603027,1875.9063909053802,39812,45214,0,0,0,0,0,0,39812,45214,164,3.907200000000001,11.730885552196968,11.438453603081587,242.7560975609756,275.6951219512195,0.9085365853658537,0.00636,0.14673000000000003,0.0229191356863105,1.9990065097808838,68.32670736312866,12.15749901937511,1.7746732234954834,67.6184184551239,11.978523520715926,7.714492201805115,85,1460,220.11099046185961,58,1728,282.62751349983887,153,3163,485.9754128557783,simple_incr_temp,humaneval,gpt-4-0613-5step,run3
1958.826401233673,1923.036596775055,39160,45185,0,0,0,0,0,0,39160,45185,164,3.8859000000000004,11.944063422156542,11.72583290716497,238.78048780487805,275.5182926829268,0.9085365853658537,0.00636,0.14943,0.02128984306076486,2.5748581886291504,71.09563326835632,11.618043304987731,2.4441933631896973,70.24982738494873,11.495363118444349,8.496403455734253,85,1435,186.24958677536364,58,1773,274.8643942858859,153,3208,440.0041993647633,simple_incr_temp,humaneval,gpt-4-0613-5step,run4
1772.5322015285492,1740.4868779182434,39721,43771,0,0,0,0,0,0,39721,43771,164,3.81789,10.80812318005213,10.612724865355142,242.2012195121951,266.8963414634146,0.8902439024390244,0.00561,0.13425,0.021810195692901324,1.8687069416046143,89.32716107368469,13.195291889911605,1.7353272438049316,88.61474537849426,13.071936925753397,7.182574391365051,85,1530,221.83167165815368,51,1795,263.68371132558576,136,2933,468.34259679157395,simple_incr_temp,humaneval,gpt-4-0613-5step,run5
2053.587593317032,2022.5458879470825,40099,45350,0,0,0,0,0,0,40099,45350,164,3.9239700000000024,12.521875569006292,12.332596877726113,244.5060975609756,276.5243902439024,0.8902439024390244,0.00618,0.16122000000000003,0.02415021302799359,2.2960238456726074,98.45392203330994,13.884574535172623,2.161170482635498,97.20180559158325,13.73159373278508,8.620243668556213,85,1530,233.4150966080704,56,1957,298.5140798072751,150,3417,512.0047500711943,simple_repeat,humaneval,gpt-4-0613-5repeats-no-temp-incr,run1
1989.0363087654114,1953.668732881546,39908,44902,0,0,0,0,0,0,39908,44902,164,3.8913599999999997,12.12827017539885,11.912614224887475,243.34146341463415,273.7926829268293,0.8963414634146342,0.00561,0.14073,0.022641654594115684,1.956932544708252,71.31444358825684,11.926924662361792,1.8260040283203125,70.411212682724,11.785825508715266,7.784578204154968,85,1530,219.61886782467883,51,1875,280.8287576295849,136,3063,479.6393906723497,simple_repeat,humaneval,gpt-4-0613-5repeats-no-temp-incr,run2
2175.246426343918,2142.733190536499,41324,46618,0,0,0,0,0,0,41324,46618,164,4.0368,13.263697721609255,13.06544628375914,251.97560975609755,284.2560975609756,0.8719512195121951,0.00636,0.16074,0.02542547322710799,2.205625295639038,106.5896463394165,16.785106033138526,2.023054361343384,105.94362735748291,16.666195434903916,8.341171860694885,85,1530,245.89860125843114,58,1989,314.10290256247947,153,3409,539.1789326767747,simple_repeat,humaneval,gpt-4-0613-5repeats-no-temp-incr,run3
1863.7470178604126,1823.7582604885101,38861,43614,0,0,0,0,0,0,38861,43614,164,3.7826700000000018,11.36431108451471,11.120477198100671,236.95731707317074,265.9390243902439,0.8963414634146342,0.00618,0.14649,0.02179611133485541,2.417564868927002,81.33737874031067,11.262546039653852,2.283881425857544,79.88648724555969,11.051367763102165,8.017135381698608,85,1435,197.1154048509846,55,1876,275.60338033672605,150,3159,455.4097678724618,simple_repeat,humaneval,gpt-4-0613-5repeats-no-temp-incr,run4
1941.4057877063751,1853.609958410263,41405,47528,0,0,0,0,0,0,41405,47528,164,4.0938300000000005,11.837840168941312,11.302499746404044,252.46951219512195,289.8048780487805,0.8841463414634146,0.00561,0.17655,0.02648135213456079,2.327744245529175,86.2887237071991,13.084528209505766,2.1924326419830322,82.26633024215698,12.581554619806576,7.532435894012451,85,1530,240.79544621431694,51,2225,333.57751976692026,136,3660,554.353017315117,simple_repeat,humaneval,gpt-4-0613-5repeats-no-temp-incr,run5
603.1170930862427,369.7156982421875,61190,34554,0,0,0,0,61190,34554,0,0,164,0.08242599999999987,3.67754325052587,2.254364013671875,373.109756097561,210.6951219512195,0.75,8.6e-05,0.0043925,0.0006039592068611065,0.44249534606933594,24.444875717163086,4.2736159773370375,0.3080778121948242,20.161845207214355,2.9408386012219103,1.0930777788162231,85,2365,403.38933699944045,17,2140,298.6047180551076,114,4505,645.3743468587984,simple_repeat,humaneval,gpt-3.5-turbo-0613-5repeats-no-temp-incr,run1
635.9158010482788,393.52594447135925,61190,34268,0,0,0,0,61190,34268,0,0,164,0.08199699999999988,3.8775353722456023,2.3995484418985322,373.109756097561,208.9512195121951,0.75,8.6e-05,0.0043925,0.0005982665498705403,0.5043010711669922,23.351907968521118,4.372399867199126,0.3558793067932129,18.443759202957153,2.9658103601606194,1.294399380683899,85,2365,403.38933699944045,17,2140,293.85015180580575,114,4505,642.6637023327013,simple_repeat,humaneval,gpt-3.5-turbo-0613-5repeats-no-temp-incr,run2
623.1624939441681,376.6708278656006,61190,34393,0,0,0,0,61190,34393,0,0,164,0.08218449999999987,3.7997713045376105,2.296773340643906,373.109756097561,209.71341463414635,0.75,8.6e-05,0.0043925,0.0005974713648578928,0.5253646373748779,24.199141025543213,4.143333787435127,0.32062268257141113,20.303348541259766,2.7382461749259814,1.2689039707183838,85,2365,403.38933699944045,17,2140,293.33491328630816,114,4505,642.1479096475604,simple_repeat,humaneval,gpt-3.5-turbo-0613-5repeats-no-temp-incr,run3
638.3636348247528,406.7182352542877,59981,34411,0,0,0,0,59981,34411,0,0,164,0.08160699999999989,3.89246118795581,2.479989239355413,365.7378048780488,209.8231707317073,0.75,8.6e-05,0.0044195,0.0005994531620430953,0.4858522415161133,25.817792654037476,4.5608565088590955,0.3391597270965576,21.33170437812805,3.2393521615171186,1.3596400022506714,85,2365,383.7698035545596,17,2158,298.22270954858266,114,4523,632.0111262816721,simple_repeat,humaneval,gpt-3.5-turbo-0613-5repeats-no-temp-incr,run4
633.171421289444,396.6901206970215,61190,34276,0,0,0,0,61190,34276,0,0,164,0.08200899999999987,3.860801349325878,2.418842199372082,373.109756097561,209.0,0.75,8.6e-05,0.0043925,0.0005978459519357786,0.45292091369628906,28.57696008682251,4.602749236596986,0.3100852966308594,23.557183265686035,3.2074852658537294,1.1378231048583984,85,2365,403.38933699944045,17,2140,293.51090321613003,114,4505,642.4518507388173,simple_repeat,humaneval,gpt-3.5-turbo-0613-5repeats-no-temp-incr,run5
42157.03767490387,39728.51581120491,10010097,995318,0,0,0,0,0,0,10010097,995318,164,360.0219899999957,257.0551077738041,242.24704762929824,61037.17682926829,6069.012195121952,0.8353658536585366,0.01821,8.613959999999993,2.995333967688083,4.615357160568237,4671.137011051178,460.6617353386765,4.610860586166382,2310.4462702274323,343.5517764372023,34.62439298629761,339,239022,84461.77528064098,130,26243,7805.783672913093,473,260889,92143.4975322031,lats,humaneval,gpt-4-0613,run1
93959.87075972557,45037.74848604202,13963759,1324674,0,0,0,0,13963759,1324674,0,0,163,8.968890500000024,576.4409249062918,276.3052054358406,85667.23312883436,8126.834355828221,0.774390243902439,0.0003035,0.20523950000000002,0.05994940669389553,0.8675825595855713,5122.468677282333,916.4591945394498,0.8654859066009521,2474.907593011856,417.83385872429784,65.34215641021729,349,297001,93764.33440408784,77,37826,8859.550321102404,435,334827,102450.43756687213,lats,humaneval,gpt-3.5-turbo-0613,run1
